review_name,review_type,passenger_name,review_date,review_text,rating_value,textblob_label,vader_label,keyword_label,hybrid_sentiment,review_classification,label_agreement_level,source,predicted_classification
Hangzhou,airport,Thorkild Lykke,2007-07-16,New airport opened around  and much better than the old airport at the military airbase Plenty of checkin counters and smooth handling in security check First class lounge good As most Chinese airports it is noisy from continuous announcements,4.0,Positive,Positive,Positive,Positive,Positive,3/3,,Neutral
Copenhagen,airport,Yu-Hsiu Chang,2023-10-28,It is easily accessible from the city center by metro within  minutes It is clean and modern Employees are friendly and helpful Signposts are clear Goods are bountiful,8.0,Positive,Positive,Positive,Positive,Positive,3/3,,Neutral
Vientiane,airport,Rob Boyce,2009-07-14,Arrived from Bangkok on Thai flight and still bussed to the terminal in June  Queues for visa on arrival handled relatively quickly and luggage handling dealt with promptly and efficiently Friendly staff with a relaxed atmosphere,4.0,Positive,Positive,Positive,Positive,Positive,3/3,,Neutral
Atlantic Airways,airline,C Perkin,2011-08-23,Flew to Vagar Faroe Islands Smooth flight lasting  hrs  mins each way Flight attendants were friendly and efficient Seats comfortable and spacious adequate storage space for inflight luggage Free snacks served as well as alcoholic and nonalcoholic drinks,9.0,Positive,Positive,Positive,Positive,Positive,3/3,,Neutral
Air Corsica,airline,Georgios Vrontos,2020-08-24,You can change your seats at echeck in without charge Both flights were on time Aneo was clean there were no inflight service for the  hour flight Stewards were efficient and friendly enough,9.0,Positive,Positive,Positive,Positive,Positive,3/3,,Neutral
TransAsia Airways,airline,M Wharfe,2010-12-04,Taipei  Hualein  TaiChung Both flights by ATR cabin was clean and comfortable Very friendly crew Drinks service on both flights,6.0,Positive,Positive,Positive,Positive,Positive,3/3,,Neutral
Air Corsica,airline,Georgios Vrontos,2020-08-24,You can change your seats at echeck in without charge Both flights were on time Aneo was clean there were no inflight service for the  hour flight Stewards were efficient and friendly enough,9.0,Positive,Positive,Positive,Positive,Positive,3/3,,Neutral
Toulon,airport,19 reviewsLaurent Charpentier,2018-10-22,Departed on  october  to Paris Orly abd back on  October  Airport very clean opened early in the morning Check In and Security Checks are easy early in the morning,10.0,Positive,Positive,Positive,Positive,Positive,3/3,,Neutral
Rotterdam,airport,Manuel Fernandez,2007-11-23,Good shopping for such a small airport Clean and clear Cheap car parking compared with Schiphol When arriving plane parked in front of terminal and was outside the building with my checked bag in  minutes,5.0,Positive,Positive,Positive,Positive,Positive,3/3,,Neutral
Jetstar Pacific,airline,Anders Pedersen,2020-01-04,Hong Kong to Hanoi Regional flight Hong Kong toHanoi  January  on an A aircraft Ticket included free services and luggage Hot meal given was OK Flight full on time Nice clean aircraft Seats were good but space to front seat was horrible and extremely tiny small de facto painful to knees CheckIn in Hong Kong was quick and easy though my handluggage was double the limit Checked in luggage arrived smoothly checked by customs in Hong Kong who had left a note inside the bag Airbridge provided at both ends,7.0,Positive,Positive,Positive,Positive,Positive,3/3,,Negative
Vientiane,airport,Rob Boyce,2009-07-14,Arrived from Bangkok on Thai flight and still bussed to the terminal in June  Queues for visa on arrival handled relatively quickly and luggage handling dealt with promptly and efficiently Friendly staff with a relaxed atmosphere,4.0,Positive,Positive,Positive,Positive,Positive,3/3,,Neutral
Rossiya Airlines,airline,Aleksandra Karepin,2019-10-23,Flying from Saint Petersburg to Prague Rossiya is providing an excellent service punctuality in time  Professional cabin crew working so hard they accept Aeroflot points highly recommended I believe the company should be at least categorized as a Star airline,10.0,Positive,Positive,Positive,Positive,Positive,3/3,,Neutral
Valladolid,airport,Karel Hladky,2008-07-25,A very tiny airport at  km to Valladolid Only a little number of flights a restaurant and a drinks and snacks machine Clean safe and quiet,0.0,Positive,Positive,Positive,Positive,Positive,3/3,,Neutral
Damascus,airport,Ralph Loehner,2009-09-14,It is not the most beautiful airport in the world but not the worst I always found it OK  speed to checkin pass passport control is OK Shopping cheap and wide range of products  VIP Lounge comfortable but old fashioned The information system is getting better and friendliness of officials is good,3.0,Positive,Positive,Positive,Positive,Positive,3/3,,Negative
Air Nostrum,airline,B Jonas,2020-02-16,Madrid to Toulouse Once again a punctual and comfortable flight Good legroom on time departure and arrival On flight entertainment was however not working  you have to pay for anything on board,8.0,Positive,Positive,Positive,Positive,Positive,3/3,,Neutral
Rotterdam,airport,Manuel Fernandez,2007-11-23,Good shopping for such a small airport Clean and clear Cheap car parking compared with Schiphol When arriving plane parked in front of terminal and was outside the building with my checked bag in  minutes,5.0,Positive,Positive,Positive,Positive,Positive,3/3,,Neutral
Detroit,airport,Michelle Prephan,2023-07-14,Detroit Metro is always clean convenient and well maintained Staff is usually pleasant and helpful We travel through DTW about  times per year and we have always had a positive experience,10.0,Positive,Positive,Positive,Positive,Positive,3/3,,Neutral
China Airlines,airline,K Pellberg,2024-11-27,Lovely crew Very clean plane and rather comfy seating The seat belt  sign was on most of the flight although not much turbulence Quite many announcements The food was fine but wine glasses very small,7.0,Positive,Positive,Positive,Positive,Positive,3/3,,Neutral
Baku,airport,Mohamed Roshan Arakkal,2018-09-17,Free WiFi cleanliness and planning are good Queue for security and immigration took around  minutes Should deploy more staff for this purposes Restaurants after check in are less and with no good choice,5.0,Positive,Positive,Positive,Positive,Positive,3/3,,Neutral
Hakodate,airport,12 reviewsK Huang,2024-05-05,Small airport which was about  minutes on bus to the city center Facilities was good and clean Baggage claim was fast and thoughtful as at many other Japanese airports Signs and directions were also clearly noted in English,8.0,Positive,Positive,Positive,Positive,Positive,3/3,,Neutral
Tontouta,airport,A McNicol,2013-05-05,Arrived on full QF from Sydney on  April Fantastic new airport that does credit to New Caledonia Clean modern and very quick from a full plane to bus transfer to Noumea,10.0,Positive,Positive,Positive,Positive,Positive,3/3,,Neutral
Rhodes,airport,K Henson,2024-10-03,Cant fault this airport at all the staff are very friendly  helpful I found the experience of arrival  departure stress free Its nice  clean  one of the friendliest airports I have ever been to on my holidays abroad,10.0,Positive,Positive,Positive,Positive,Positive,3/3,,Neutral
Addis Ababa,airport,Frank Rispin,2024-03-16,Check in and immigration fine Nice breakfast in London Cafe Smooth boarding for Windhoek from A Return Cape Town to Addis  Arrival At Bole smooth and quick no que at visa on arrival Luggage fine Out quickly,10.0,Positive,Positive,Positive,Positive,Positive,3/3,,Neutral
Bandung,airport,Henri Bemelmans,2018-05-20,Not Verified The new airport is much better than the old but the issue with taxis remains The military controls the airport and hence which taxis are used No meters and extortionate fares Better off walking  minutes south on road outside arrivals right angle to airport terminal and pickup a bluebird or AA cab from there Clean and metered Pity the Government does not stop in and do something about this as it is a horrible welcome to what is otherwise a friendly and interesting city and region,7.0,Positive,Positive,Positive,Positive,Positive,3/3,,Negative
Privilege Style,airline,Abdal Ghafar,2020-01-25,Munich to Kabul Privilege Style is flying this  year old Boeing  on behalf of other customers as a charter airline The flight was okay  seats are comfortable enough and i felt safe throughout the journey,5.0,Positive,Positive,Positive,Positive,Positive,3/3,,Neutral
Caribbean Airlines,airline,Morino Ravenberg,2023-06-22,I went to Jamaica for a week on vacation and I have no complaints regarding Caribbean airlines Not the best airline on the planet but theyre definitely by far not the worst  they are reasonable and if youre willing to spend a bit more than business class definitely is substantially more comfortable The only drawback that I can think of but that isnt their fault is the fact that on the return trip I had to make four stops in four different countries,7.0,Positive,Positive,Positive,Positive,Positive,3/3,,Negative
Iran Aseman Airlines,airline,M Kleine,2014-04-06,An old Fokker  departure and arrival on time very smooth landing proficient bilingual staff and excellent food omelette with herbs coleslaw and chicken,9.0,Positive,Positive,Positive,Positive,Positive,3/3,,Neutral
Valladolid,airport,Karel Hladky,2008-07-25,A very tiny airport at  km to Valladolid Only a little number of flights a restaurant and a drinks and snacks machine Clean safe and quiet,0.0,Positive,Positive,Positive,Positive,Positive,3/3,,Neutral
Jersey,airport,Julie Myatt,2019-08-01,Lots of seating Not enough electric plugs or charge points WiFi was hopeless  it didnt work Tannoy too loud Staff seem nice enough Appeared clean,4.0,Positive,Positive,Positive,Positive,Positive,3/3,,Neutral
Atlantic Airways,airline,C Perkin,2011-08-23,Flew to Vagar Faroe Islands Smooth flight lasting  hrs  mins each way Flight attendants were friendly and efficient Seats comfortable and spacious adequate storage space for inflight luggage Free snacks served as well as alcoholic and nonalcoholic drinks,9.0,Positive,Positive,Positive,Positive,Positive,3/3,,Neutral
Detroit,airport,Michelle Prephan,2023-07-14,Detroit Metro is always clean convenient and well maintained Staff is usually pleasant and helpful We travel through DTW about  times per year and we have always had a positive experience,10.0,Positive,Positive,Positive,Positive,Positive,3/3,,Neutral
Hangzhou,airport,Thorkild Lykke,2007-07-16,New airport opened around  and much better than the old airport at the military airbase Plenty of checkin counters and smooth handling in security check First class lounge good As most Chinese airports it is noisy from continuous announcements,4.0,Positive,Positive,Positive,Positive,Positive,3/3,,Neutral
Tontouta,airport,A McNicol,2013-05-05,Arrived on full QF from Sydney on  April Fantastic new airport that does credit to New Caledonia Clean modern and very quick from a full plane to bus transfer to Noumea,10.0,Positive,Positive,Positive,Positive,Positive,3/3,,Neutral
Caribbean Airlines,airline,Morino Ravenberg,2023-06-22,I went to Jamaica for a week on vacation and I have no complaints regarding Caribbean airlines Not the best airline on the planet but theyre definitely by far not the worst  they are reasonable and if youre willing to spend a bit more than business class definitely is substantially more comfortable The only drawback that I can think of but that isnt their fault is the fact that on the return trip I had to make four stops in four different countries,7.0,Positive,Positive,Positive,Positive,Positive,3/3,,Negative
Nordavia,airline,2 reviewsDmitrii Egorov,2018-10-18,Saint Petersburg to Samara The airline is very good The cabin is clean and comfortable and with this always promised food and friendly staff As for the baggage allowance things are even better the baggage allowance is  kilograms,10.0,Positive,Positive,Positive,Positive,Positive,3/3,,Neutral
Aerocaribbean,airline,Philip Jensen,2010-12-31,Havana  Cayo Coco return A one hour flight with an old ATR turboprop Seats surprisingly comfortable and we were offered a free drink plus candy onboard Nothing special but we arrived on time,8.0,Positive,Positive,Positive,Positive,Positive,3/3,,Neutral
Granada,airport,Henry Tib,2011-12-03,Arrived on the last evening flight from Barcelona tourist desk very helpful and received our luggage within  minutes No taxis available so took the airport bus driver was very helpful and even dropped us a short distance from our hotel,8.0,Positive,Positive,Positive,Positive,Positive,3/3,,Neutral
Port Moresby,airport,H Horas,2016-01-15,Domestic arrival was good canteen facilities are reasonably priced Toilet was clean in arrival hall International departure   money exchange facilities available The security check was not particularly friendly  boarding was smooth via gate  with Virgin Australia using an air bridge,2.0,Positive,Positive,Positive,Positive,Positive,3/3,,Neutral
Rio De Janeiro,airport,E Kanapov,2019-06-02,The airport was renovated in  before the Olympic games it looks like Miami International Airport nothing special good duty free some good lounges all in all good airport with some problems with queues and not so friendly staff,6.0,Positive,Positive,Positive,Positive,Positive,3/3,,Neutral
Copenhagen,airport,Yu-Hsiu Chang,2023-10-28,It is easily accessible from the city center by metro within  minutes It is clean and modern Employees are friendly and helpful Signposts are clear Goods are bountiful,8.0,Positive,Positive,Positive,Positive,Positive,3/3,,Neutral
Hakodate,airport,12 reviewsK Huang,2024-05-05,Small airport which was about  minutes on bus to the city center Facilities was good and clean Baggage claim was fast and thoughtful as at many other Japanese airports Signs and directions were also clearly noted in English,8.0,Positive,Positive,Positive,Positive,Positive,3/3,,Neutral
Uzbekistan Airways,airline,45 reviewsJ Lupu,2023-09-18,Checkin prolonged because their system was not updated concerning visa regulations Boarding efficient with bus transfer Cabin crew  nice ladies with friendly approach Free drinks were served There was free wiif onboard Flight was on time Entertainment without headsets,9.0,Positive,Positive,Positive,Positive,Positive,3/3,,Neutral
Novair,airline,Ulf Källén,2011-03-21,I have went with Novair four times OSLLPA x OSLTFS OSLFUE Great service good looking planes comfortable seats No delays new clean A The only less good thing  the food,7.0,Positive,Positive,Positive,Positive,Positive,3/3,,Neutral
Toulon,airport,19 reviewsLaurent Charpentier,2018-10-22,Departed on  october  to Paris Orly abd back on  October  Airport very clean opened early in the morning Check In and Security Checks are easy early in the morning,10.0,Positive,Positive,Positive,Positive,Positive,3/3,,Neutral
TransAsia Airways,airline,M Wharfe,2010-12-04,Taipei  Hualein  TaiChung Both flights by ATR cabin was clean and comfortable Very friendly crew Drinks service on both flights,6.0,Positive,Positive,Positive,Positive,Positive,3/3,,Neutral
Rio De Janeiro,airport,E Kanapov,2019-06-02,The airport was renovated in  before the Olympic games it looks like Miami International Airport nothing special good duty free some good lounges all in all good airport with some problems with queues and not so friendly staff,6.0,Positive,Positive,Positive,Positive,Positive,3/3,,Neutral
Ercan,airport,U Mustafa,2012-12-13,Small but very clean airport disembarking to exiting airport   mins minimal duty free shops on arrival but more extensive on departure area Very security conscious on entry and exit All in all a walk in the park no hassle,8.0,Positive,Positive,Positive,Positive,Positive,3/3,,Neutral
Addis Ababa,airport,Frank Rispin,2024-03-16,Check in and immigration fine Nice breakfast in London Cafe Smooth boarding for Windhoek from A Return Cape Town to Addis  Arrival At Bole smooth and quick no que at visa on arrival Luggage fine Out quickly,10.0,Positive,Positive,Positive,Positive,Positive,3/3,,Neutral
Cathay Pacific Airways,airline,T Patrick,2025-03-14,Plane clean and on time Ran out of water after row  economy Its a short flight so bring back water in seat pockets of you cant cope  No coffee tea or drinks for anyone,2.0,Positive,Positive,Positive,Positive,Positive,3/3,,Neutral
Wings Air,airline,47 reviewsW Garner,2019-12-11,Kaimana to Manokwari Plane left  and arrived  minutes late  really on time in this part of the world The check in staff were very flexible about cabin luggage size On board seats were reasonably comfortable and crew pleasant,7.0,Positive,Positive,Positive,Positive,Positive,3/3,,Neutral
Cathay Pacific Airways,airline,T Patrick,2025-03-14,Plane clean and on time Ran out of water after row  economy Its a short flight so bring back water in seat pockets of you cant cope  No coffee tea or drinks for anyone,2.0,Positive,Positive,Positive,Positive,Positive,3/3,,Neutral
Air Nostrum,airline,B Jonas,2020-02-16,Madrid to Toulouse Once again a punctual and comfortable flight Good legroom on time departure and arrival On flight entertainment was however not working  you have to pay for anything on board,8.0,Positive,Positive,Positive,Positive,Positive,3/3,,Neutral
Novair,airline,Ulf Källén,2011-03-21,I have went with Novair four times OSLLPA x OSLTFS OSLFUE Great service good looking planes comfortable seats No delays new clean A The only less good thing  the food,7.0,Positive,Positive,Positive,Positive,Positive,3/3,,Neutral
China Airlines,airline,K Pellberg,2024-11-27,Lovely crew Very clean plane and rather comfy seating The seat belt  sign was on most of the flight although not much turbulence Quite many announcements The food was fine but wine glasses very small,7.0,Positive,Positive,Positive,Positive,Positive,3/3,,Neutral
Olympic Air,airline,Georgios Vrontos,2023-05-30,Both flights were on time friendly crew and there was an inflight service for this  minutes flight Airplane was clean Due to short runway only  passengers could board on departure from Kastellorizo,10.0,Positive,Positive,Positive,Positive,Positive,3/3,,Neutral
Privilege Style,airline,Abdal Ghafar,2020-01-25,Munich to Kabul Privilege Style is flying this  year old Boeing  on behalf of other customers as a charter airline The flight was okay  seats are comfortable enough and i felt safe throughout the journey,5.0,Positive,Positive,Positive,Positive,Positive,3/3,,Neutral
Olympic Air,airline,Georgios Vrontos,2023-05-30,Both flights were on time friendly crew and there was an inflight service for this  minutes flight Airplane was clean Due to short runway only  passengers could board on departure from Kastellorizo,10.0,Positive,Positive,Positive,Positive,Positive,3/3,,Neutral
Bismarck,airport,Bret Hammell,2015-07-09,A small but full service airport  Doesnt have some of the amenities of larger airports but you would not expect them Clean Great service Short wait times  Highly recommended,8.0,Positive,Positive,Positive,Positive,Positive,3/3,,Neutral
Wings Air,airline,47 reviewsW Garner,2019-12-11,Kaimana to Manokwari Plane left  and arrived  minutes late  really on time in this part of the world The check in staff were very flexible about cabin luggage size On board seats were reasonably comfortable and crew pleasant,7.0,Positive,Positive,Positive,Positive,Positive,3/3,,Neutral
Stockholm Vasteras,airport,David Jackson,2015-01-21,Superb airport Small Friendly service No queuing went through security in under  minutes Fast free wifi with constant connection and no connectivity issues Burger and chips SEK  cl beer SEK  Decent viewing facility but minimal air traffic to view,10.0,Positive,Positive,Positive,Positive,Positive,3/3,,Neutral
Guangzhou,airport,Yu-Hsiu Chang,2023-05-20,It is clean modern and spacious There are many restaurants and shops Passengers would not be bored during the waiting time Employees are friendly and helpful Signposts are clear,7.0,Positive,Positive,Positive,Positive,Positive,3/3,,Neutral
SATA International,airline,M Warlen,2022-04-01,On time departure Excellent value and they gave a meal on a  hour flight  We arrived  mins early Staff was professional Bags delivered in a normal amount of time,10.0,Positive,Positive,Positive,Positive,Positive,3/3,,Neutral
Nordavia,airline,2 reviewsDmitrii Egorov,2018-10-18,Saint Petersburg to Samara The airline is very good The cabin is clean and comfortable and with this always promised food and friendly staff As for the baggage allowance things are even better the baggage allowance is  kilograms,10.0,Positive,Positive,Positive,Positive,Positive,3/3,,Neutral
Air Koryo,airline,25 reviewsAlain Kupferman,2019-05-19,Beijing to Pyongyang Comparing an intraEuropean flight of  hours and this flight practically no differences clean aircraft nice stewardesses punctual simple food good and attentive service a normal standard,7.0,Positive,Positive,Positive,Positive,Positive,3/3,,Neutral
Jetstar Pacific,airline,Anders Pedersen,2020-01-04,Hong Kong to Hanoi Regional flight Hong Kong toHanoi  January  on an A aircraft Ticket included free services and luggage Hot meal given was OK Flight full on time Nice clean aircraft Seats were good but space to front seat was horrible and extremely tiny small de facto painful to knees CheckIn in Hong Kong was quick and easy though my handluggage was double the limit Checked in luggage arrived smoothly checked by customs in Hong Kong who had left a note inside the bag Airbridge provided at both ends,7.0,Positive,Positive,Positive,Positive,Positive,3/3,,Negative
Montevideo,airport,Enrique Simeone,2013-07-15,Brilliant Airport  new clean clear spacious Shame so few airlines do fly into MVD,8.0,Positive,Positive,Positive,Positive,Positive,3/3,,Neutral
Bandung,airport,Henri Bemelmans,2018-05-20,Not Verified The new airport is much better than the old but the issue with taxis remains The military controls the airport and hence which taxis are used No meters and extortionate fares Better off walking  minutes south on road outside arrivals right angle to airport terminal and pickup a bluebird or AA cab from there Clean and metered Pity the Government does not stop in and do something about this as it is a horrible welcome to what is otherwise a friendly and interesting city and region,7.0,Positive,Positive,Positive,Positive,Positive,3/3,,Negative
Jersey,airport,Julie Myatt,2019-08-01,Lots of seating Not enough electric plugs or charge points WiFi was hopeless  it didnt work Tannoy too loud Staff seem nice enough Appeared clean,4.0,Positive,Positive,Positive,Positive,Positive,3/3,,Neutral
Baku,airport,Mohamed Roshan Arakkal,2018-09-17,Free WiFi cleanliness and planning are good Queue for security and immigration took around  minutes Should deploy more staff for this purposes Restaurants after check in are less and with no good choice,5.0,Positive,Positive,Positive,Positive,Positive,3/3,,Neutral
Kiev Zhulyany,airport,Linke Klaus-Dieter,2013-06-10,Since Zhulyany Airport had opened the new Terminal I have flown  times from there Everything was nice clean and efficient and friendly service I really can recommend this airport to be used for a visit in Kiev,10.0,Positive,Positive,Positive,Positive,Positive,3/3,,Neutral
Uzbekistan Airways,airline,45 reviewsJ Lupu,2023-09-18,Checkin prolonged because their system was not updated concerning visa regulations Boarding efficient with bus transfer Cabin crew  nice ladies with friendly approach Free drinks were served There was free wiif onboard Flight was on time Entertainment without headsets,9.0,Positive,Positive,Positive,Positive,Positive,3/3,,Neutral
Regional Express,airline,G Warlen,2021-12-13,I really rate Rex airlines On time both ways Helpful staff Free snack and comfy seats All for  return Very pleased with the experience  would choose to fly with Rex again,9.0,Positive,Positive,Positive,Positive,Positive,3/3,,Neutral
Bismarck,airport,Bret Hammell,2015-07-09,A small but full service airport  Doesnt have some of the amenities of larger airports but you would not expect them Clean Great service Short wait times  Highly recommended,8.0,Positive,Positive,Positive,Positive,Positive,3/3,,Neutral
Port Moresby,airport,H Horas,2016-01-15,Domestic arrival was good canteen facilities are reasonably priced Toilet was clean in arrival hall International departure   money exchange facilities available The security check was not particularly friendly  boarding was smooth via gate  with Virgin Australia using an air bridge,2.0,Positive,Positive,Positive,Positive,Positive,3/3,,Neutral
Air Corsica,airline,L Kayne,2018-09-17,Stansted to Ajaccio Excellent all round On time drink and a snack served no hassle to board or have onboard bags Seats were comfy for a  hour flight  fare reasonable Would recommend,10.0,Positive,Positive,Positive,Positive,Positive,3/3,,Neutral
Montevideo,airport,Enrique Simeone,2013-07-15,Brilliant Airport  new clean clear spacious Shame so few airlines do fly into MVD,8.0,Positive,Positive,Positive,Positive,Positive,3/3,,Neutral
Air Koryo,airline,25 reviewsAlain Kupferman,2019-05-19,Beijing to Pyongyang Comparing an intraEuropean flight of  hours and this flight practically no differences clean aircraft nice stewardesses punctual simple food good and attentive service a normal standard,7.0,Positive,Positive,Positive,Positive,Positive,3/3,,Neutral
Wings Air,airline,47 reviewsW Garner,2019-12-11,Kaimana to Manokwari Plane left  and arrived  minutes late  really on time in this part of the world The check in staff were very flexible about cabin luggage size On board seats were reasonably comfortable and crew pleasant,7.0,Positive,Positive,Positive,Positive,Positive,3/3,,Neutral
Granada,airport,Henry Tib,2011-12-03,Arrived on the last evening flight from Barcelona tourist desk very helpful and received our luggage within  minutes No taxis available so took the airport bus driver was very helpful and even dropped us a short distance from our hotel,8.0,Positive,Positive,Positive,Positive,Positive,3/3,,Neutral
Blue Islands,airline,M A Collie,2023-11-01,Comfortable enough flight which was fairly on time We were surprised that there was no catering on this flight of about  hours Only took hand baggage,7.0,Positive,Positive,Positive,Positive,Positive,3/3,,Neutral
Aerocaribbean,airline,Philip Jensen,2010-12-31,Havana  Cayo Coco return A one hour flight with an old ATR turboprop Seats surprisingly comfortable and we were offered a free drink plus candy onboard Nothing special but we arrived on time,8.0,Positive,Positive,Positive,Positive,Positive,3/3,,Neutral
Orient Thai Airlines,airline,M Sun,2012-11-01,HKGBKK I booked with them because it was the only airline available Check in took  hr in HKG and plane was a  year old B Entertainment was pretty much nothing and seats were the most uncomfortable Ive ever experienced Plane and bathroom were unclean I booked a seat in the upper deck and it was quiet Food was horrible Only good thing was the value because I you pretty much get everything for that cheap price,3.0,Positive,Positive,Positive,Positive,Positive,3/3,,Negative
Richmond,airport,Tim Buntin,2012-02-23,My experiences have always been pleasant Security lines are extremely short and there is a lot of open space Checking in is never a hasslewe have been able to pass by the checkin desk in  minutes or less on the worst of days Bathrooms are clean and theres always a cafe or news store open Delta seems to have the largest concentration of flights at the airport most of them being on their regional affiliates running under Delta Connection Overall the airport is very good clean and friendly,9.0,Positive,Positive,Positive,Positive,Positive,3/3,,Negative
Iran Aseman Airlines,airline,M Kleine,2014-04-06,An old Fokker  departure and arrival on time very smooth landing proficient bilingual staff and excellent food omelette with herbs coleslaw and chicken,9.0,Positive,Positive,Positive,Positive,Positive,3/3,,Neutral
Kiev Zhulyany,airport,Linke Klaus-Dieter,2013-06-10,Since Zhulyany Airport had opened the new Terminal I have flown  times from there Everything was nice clean and efficient and friendly service I really can recommend this airport to be used for a visit in Kiev,10.0,Positive,Positive,Positive,Positive,Positive,3/3,,Neutral
Stockholm Vasteras,airport,David Jackson,2015-01-21,Superb airport Small Friendly service No queuing went through security in under  minutes Fast free wifi with constant connection and no connectivity issues Burger and chips SEK  cl beer SEK  Decent viewing facility but minimal air traffic to view,10.0,Positive,Positive,Positive,Positive,Positive,3/3,,Neutral
Orient Thai Airlines,airline,M Sun,2012-11-01,HKGBKK I booked with them because it was the only airline available Check in took  hr in HKG and plane was a  year old B Entertainment was pretty much nothing and seats were the most uncomfortable Ive ever experienced Plane and bathroom were unclean I booked a seat in the upper deck and it was quiet Food was horrible Only good thing was the value because I you pretty much get everything for that cheap price,3.0,Positive,Positive,Positive,Positive,Positive,3/3,,Negative
Guangzhou,airport,Yu-Hsiu Chang,2023-05-20,It is clean modern and spacious There are many restaurants and shops Passengers would not be bored during the waiting time Employees are friendly and helpful Signposts are clear,7.0,Positive,Positive,Positive,Positive,Positive,3/3,,Neutral
Damascus,airport,Ralph Loehner,2009-09-14,It is not the most beautiful airport in the world but not the worst I always found it OK  speed to checkin pass passport control is OK Shopping cheap and wide range of products  VIP Lounge comfortable but old fashioned The information system is getting better and friendliness of officials is good,3.0,Positive,Positive,Positive,Positive,Positive,3/3,,Negative
Biman Bangladesh Airlines,airline,18 reviewsZiauddin Ahmed,2023-04-19,I was traveling from Bangkok to Dhaka I purchased the one way ticket online from Bangladesh one month back prior my journey and received  discount Ground service was good Food was very poor in quality and taste Entertainment was bad,5.0,Negative,Negative,Negative,Negative,Negative,3/3,,Neutral
Bangkok Airways,airline,H Steikel,2024-04-05,Bangkok Airways was delayed over  hour on flight PG Due to the delay I missed my ferry Bangkok Airways refuses any compensation,1.0,Negative,Negative,Negative,Negative,Negative,3/3,,Neutral
Biman Bangladesh Airlines,airline,18 reviewsZiauddin Ahmed,2023-04-19,I was traveling from Bangkok to Dhaka I purchased the one way ticket online from Bangladesh one month back prior my journey and received  discount Ground service was good Food was very poor in quality and taste Entertainment was bad,5.0,Negative,Negative,Negative,Negative,Negative,3/3,,Neutral
Bangkok Airways,airline,H Steikel,2024-04-05,Bangkok Airways was delayed over  hour on flight PG Due to the delay I missed my ferry Bangkok Airways refuses any compensation,1.0,Negative,Negative,Negative,Negative,Negative,3/3,,Neutral
Unknown,General,Anonymous,,"17. ""Norwegian Air provides reasonable fares, but their baggage fees can add up quickly.""",,,,,,Neutral,Generated,synthetic,Positive
Unknown,General,Anonymous,,"12. ""United Airlines' flight from Chicago to San Francisco was comfortable. The staff was friendly, but the meal options were limited.""",,,,,,Neutral,Generated,synthetic,Positive
Unknown,General,Anonymous,,"3. I found the check-in process with Airline Z to be efficient, though the staff could have been more communicative.",,,,,,Neutral,Generated,synthetic,Positive
Unknown,General,Anonymous,,"20. ""Ryanair offers a practical no-frills service, but their strict baggage policy can be inconvenient.""",,,,,,Neutral,Generated,synthetic,Negative
Unknown,General,Anonymous,,"2. I flew with United Airlines, their in-flight entertainment selection was good, however, the meal service could be improved upon.",,,,,,Neutral,Generated,synthetic,Positive
Unknown,General,Anonymous,,"17. Airline N's flight was fairly comfortable. However, the boarding process could have been more organized.",,,,,,Neutral,Generated,synthetic,Positive
Unknown,General,Anonymous,,13. The cabin crew on Airline M's flight was professional and courteous. The legroom was slightly limited.,,,,,,Neutral,Generated,synthetic,Positive
Unknown,General,Anonymous,,"15. My flight with Virgin Atlantic was okay. The plane was clean, the flight crew was professional, and the service was typical.",,,,,,Neutral,Generated,synthetic,Positive
Unknown,General,Anonymous,,"20. ""Airline Q's flight was satisfactory. The food was average, but the flight arrived on time.""",,,,,,Neutral,Generated,synthetic,Negative
Unknown,General,Anonymous,,"18. ""Airline O's flight was punctual and the cabin crew was courteous. The in-flight entertainment was basic.""",,,,,,Neutral,Generated,synthetic,Positive
Unknown,General,Anonymous,,"18. ""Airline O's flight was tolerable. The seats were not very comfortable but the staff was friendly.""",,,,,,Neutral,Generated,synthetic,Positive
Unknown,General,Anonymous,,20. Airline Q's online booking system was easy to navigate. The flight left on time but the seats were a bit cramped.,,,,,,Neutral,Generated,synthetic,Positive
Unknown,General,Anonymous,,"2. ""Airline Y's customer service was commendable. The flight was a bit delayed but they kept us informed throughout.""",,,,,,Neutral,Generated,synthetic,Negative
Unknown,General,Anonymous,,"19. ""Airline P offered an okay flying experience. The in-flight entertainment was decent but the food could have been better.""",,,,,,Neutral,Generated,synthetic,Positive
Unknown,General,Anonymous,,"4. ""The United Airlines flight was mostly uneventful. The plane was a bit old but well-maintained and the flight was on schedule.""",,,,,,Neutral,Generated,synthetic,Positive
Unknown,General,Anonymous,,15. The KLM flight was fine. The seats were comfortable enough for a short haul flight.,,,,,,Neutral,Generated,synthetic,Positive
Unknown,General,Anonymous,,"13. I had a usual journey with Cathay Pacific. The flight was mostly on time and the service was okay, but the food could be better.",,,,,,Neutral,Generated,synthetic,Negative
Unknown,General,Anonymous,,"11. ""While the Airline H flight was comfortable, the legroom was a bit tight. The crew was professional.""",,,,,,Neutral,Generated,synthetic,Positive
Unknown,General,Anonymous,,"2. Flew with United Airlines recently. The cabin crew was polite and professional. However, the food could have been better.",,,,,,Neutral,Generated,synthetic,Positive
Unknown,General,Anonymous,,"13. ""Airline J had an easy online booking system. The in-flight amenities were basic, but functional.""",,,,,,Neutral,Generated,synthetic,Positive
Unknown,General,Anonymous,,"10. ""Airline G's flight was okay. The food options were limited but the flight was on time.""",,,,,,Neutral,Generated,synthetic,Positive
Unknown,General,Anonymous,,8. The food on Airline H was satisfactory and the flight departed on schedule. The in-flight entertainment options were average.,,,,,,Neutral,Generated,synthetic,Negative
Unknown,General,Anonymous,,"7. ""The baggage handling by Airline D was efficient. The in-flight meal options were limited.""",,,,,,Neutral,Generated,synthetic,Negative
Unknown,General,Anonymous,,"8. ""The seats on Airline E's flight were comfortable enough for a short haul. The cabin crew was cordial.""",,,,,,Neutral,Generated,synthetic,Positive
Unknown,General,Anonymous,,"9. My experience with JetBlue was quite regular. The crew was friendly, although the in-flight entertainment system was a bit glitchy.",,,,,,Neutral,Generated,synthetic,Positive
Unknown,General,Anonymous,,3. Had a routine experience with Southwest Airlines. The flight was on time and the snack selection was average.,,,,,,Neutral,Generated,synthetic,Negative
Unknown,General,Anonymous,,"15. I had a typical experience on Ryanair. The flight was punctual, but the cabin was slightly crowded.",,,,,,Neutral,Generated,synthetic,Negative
Unknown,General,Anonymous,,"18. The check-in process with Airline O was quick and efficient, but the boarding was a bit chaotic.",,,,,,Neutral,Generated,synthetic,Positive
Unknown,General,Anonymous,,17. My flight with Airline N was fine. The seats were fairly comfortable and the food was average.,,,,,,Neutral,Generated,synthetic,Positive
Unknown,General,Anonymous,,7. Airline D offered a comfortable flight experience. The snacks provided were not up to the mark though.,,,,,,Neutral,Generated,synthetic,Positive
Unknown,General,Anonymous,,"18. The Virgin Atlantic flight was okay. The flight was punctual, but the legroom was a bit tight.",,,,,,Neutral,Generated,synthetic,Positive
Unknown,General,Anonymous,,"13. ""The boarding process with Airline J was a bit slow. The flight was comfortable with a decent meal.""",,,,,,Neutral,Generated,synthetic,Negative
Unknown,General,Anonymous,,8. The seating on the British Airways flight was a bit cramped but tolerable. The crew was responsive to requests.,,,,,,Neutral,Generated,synthetic,Negative
Unknown,General,Anonymous,,"15. The customer service of Airline L was helpful in resolving queries, but the waiting time on the call was long.",,,,,,Neutral,Generated,synthetic,Negative
Unknown,General,Anonymous,,"3. ""My flight with Airline Z was as expected. The seats were somewhat comfortable and the entertainment options were diverse.""",,,,,,Neutral,Generated,synthetic,Positive
Unknown,General,Anonymous,,10. Airline J's flight attendants were friendly. The in-flight meal was appropriate for the price of the ticket.,,,,,,Neutral,Generated,synthetic,Positive
Unknown,General,Anonymous,,"1. ""The flight experience on Airline X was uneventful, with on-time departure and arrival. The in-flight meal was average.""",,,,,,Neutral,Generated,synthetic,Negative
Unknown,General,Anonymous,,"9. ""Had an average experience on Airline F. The flight was on time but the legroom was a bit tight.""",,,,,,Neutral,Generated,synthetic,Negative
Unknown,General,Anonymous,,"19. ""My flight with Airline P was fine. The luggage handling was swift, though the in-flight entertainment was limited.""",,,,,,Neutral,Generated,synthetic,Positive
Unknown,General,Anonymous,,"10. My flight with Air France was quite ordinary. The staff was professional, but the food was nothing to write home about.",,,,,,Neutral,Generated,synthetic,Negative
Unknown,General,Anonymous,,15. Flew with Airline O and the seats were reasonably comfortable. The flight was slightly delayed but the communication was good.,,,,,,Neutral,Generated,synthetic,Positive
Unknown,General,Anonymous,,11. The baggage handling at Airline K was efficient. The flight was a bit bumpy but the pilot handled it well.,,,,,,Neutral,Generated,synthetic,Positive
Unknown,General,Anonymous,,20. The flight with Singapore Airlines was alright. The food was good and the cabin crew was professional.,,,,,,Neutral,Generated,synthetic,Positive
Unknown,General,Anonymous,,"7. ""Airline G's boarding process was well-organized. The food was edible, but nothing to write home about.""",,,,,,Neutral,Generated,synthetic,Negative
Unknown,General,Anonymous,,"15. ""Airline O's flight was on schedule. The seats were somewhat narrow, but the in-flight service was prompt.""",,,,,,Neutral,Generated,synthetic,Negative
Unknown,General,Anonymous,,"18. ""The flight with Etihad Airways from Abu Dhabi to London was just fine. The plane was clean, and the staff was courteous. The meals could have been better.""",,,,,,Neutral,Generated,synthetic,Positive
Unknown,General,Anonymous,,"7. ""Airline D's staff were polite and did their best to accommodate passenger requests.""",,,,,,Neutral,Generated,synthetic,Positive
Unknown,General,Anonymous,,"6. ""Airline C's staff were professional and the flight was comfortable. The meal options were limited.""",,,,,,Neutral,Generated,synthetic,Positive
Unknown,General,Anonymous,,"3. ""Air Canada's economy class seating was comfortable enough for a short haul flight. The cabin temperature was a bit too cold for my liking.""",,,,,,Neutral,Generated,synthetic,Negative
Unknown,General,Anonymous,,"9. Lufthansa: The in-flight entertainment selection was extensive, but the food quality could be better.",,,,,,Neutral,Generated,synthetic,Positive
Unknown,General,Anonymous,,"14. ""Singapore Airlines offers a good service. The seats were reasonably comfortable and the food was edible.""",,,,,,Neutral,Generated,synthetic,Positive
Unknown,General,Anonymous,,"16. My experience with Turkish Airlines was quite ordinary. The staff was professional and the flight was punctual, but the in-flight meal was not impressive.",,,,,,Neutral,Generated,synthetic,Negative
Unknown,General,Anonymous,,"6. ""My flight with United Airlines was typical. The boarding process was a bit slow, but the flight attendants were polite.""",,,,,,Neutral,Generated,synthetic,Negative
Unknown,General,Anonymous,,12. My experience with Lufthansa was fairly average. The flight landed on time and the cabin crew was polite. The food was typical airline fare.,,,,,,Neutral,Generated,synthetic,Negative
Unknown,General,Anonymous,,"8. Airline E provided a comfortable flight with enough space, however, the temperature in the cabin was a little cold.",,,,,,Neutral,Generated,synthetic,Negative
Unknown,General,Anonymous,,15. Flew with Airline L this week. The flight was a bit crowded but the cabin crew managed it well.,,,,,,Neutral,Generated,synthetic,Negative
Unknown,General,Anonymous,,"10. Virgin Atlantic provided a routine service. The flight was on time, and the snacks provided were average.",,,,,,Neutral,Generated,synthetic,Negative
Unknown,General,Anonymous,,"3. ""Airline C's services met my expectations. The leg room was just enough for a comfortable journey.""",,,,,,Neutral,Generated,synthetic,Positive
Unknown,General,Anonymous,,"11. The flight with Airline K was generally good. Seats were comfortable, but the in-flight entertainment was outdated.",,,,,,Neutral,Generated,synthetic,Positive
Unknown,General,Anonymous,,"17. ""Airline N's boarding process was a bit chaotic, but the flight itself was comfortable.""",,,,,,Neutral,Generated,synthetic,Positive
Unknown,General,Anonymous,,"2. ""Airline B offers a comfortable flight experience with ample legroom. However, the in-flight entertainment could use an update.""",,,,,,Neutral,Generated,synthetic,Positive
Unknown,General,Anonymous,,12. The JetBlue flight was okay. The flight left on time and the cabin was clean.,,,,,,Neutral,Generated,synthetic,Positive
Unknown,General,Anonymous,,7. Airline G's seats were a bit narrow but manageable for a short flight. The crew was polite and attentive.,,,,,,Neutral,Generated,synthetic,Positive
Unknown,General,Anonymous,,"10. ""Airline G's flight was reasonably comfortable. The food wasn't exceptional, but it was adequate for a short flight.""",,,,,,Neutral,Generated,synthetic,Positive
Unknown,General,Anonymous,,"7. ""Airline D's flight was fairly punctual. The in-flight entertainment was a bit lacking, but it was a short flight.""",,,,,,Neutral,Generated,synthetic,Positive
Unknown,General,Anonymous,,"6. ""Airline F provided adequate service with on-time departure and arrival. The in-flight meal options could use some variety.""",,,,,,Neutral,Generated,synthetic,Positive
Unknown,General,Anonymous,,"12. The flight with Airline I was normal. The in-flight entertainment could use an upgrade, but the staff was friendly.",,,,,,Neutral,Generated,synthetic,Positive
Unknown,General,Anonymous,,"18. The service on Airline O's flight was satisfactory. The food quality was average, and the flight was on schedule.",,,,,,Neutral,Generated,synthetic,Negative
Unknown,General,Anonymous,,"19. ""Airline P's flight was as expected. The seats were comfortable enough for the long flight.""",,,,,,Neutral,Generated,synthetic,Positive
Unknown,General,Anonymous,,"4. ""Airline A's seats were reasonably comfortable for a short-haul flight. No significant complaints.""",,,,,,Neutral,Generated,synthetic,Positive
Unknown,General,Anonymous,,"10. ""The flight with Airline J was on schedule. The in-flight entertainment had a reasonable selection.""",,,,,,Neutral,Generated,synthetic,Positive
Unknown,General,Anonymous,,2. I found the in-flight entertainment options on Airline Y to be sufficient for a short-haul flight. The food quality could be improved.,,,,,,Neutral,Generated,synthetic,Negative
Unknown,General,Anonymous,,18. The cabin crew on Airline O was professional and attentive. The seats in economy class were a bit tight.,,,,,,Neutral,Generated,synthetic,Positive
Unknown,General,Anonymous,,"18. The flight with Airline O was satisfactory. The seat comfort was average, and the staff was polite.",,,,,,Neutral,Generated,synthetic,Negative
Unknown,General,Anonymous,,"7. ""Emirates provided a satisfactory level of comfort for the long-haul flight. The in-flight entertainment was quite diverse, but the headphones provided were of average quality.""",,,,,,Neutral,Generated,synthetic,Negative
Unknown,General,Anonymous,,"2. ""JetBlue provided a comfortable flying experience. The in-flight entertainment was fairly good with a nice variety of options.""",,,,,,Neutral,Generated,synthetic,Positive
Unknown,General,Anonymous,,5. The flight with Emirates to Dubai was fairly comfortable. The meals served were of good quality.,,,,,,Neutral,Generated,synthetic,Positive
Unknown,General,Anonymous,,"9. Air Canada's service was reliable, and the staff was pleasant. The in-flight meal was acceptable.",,,,,,Neutral,Generated,synthetic,Positive
Unknown,General,Anonymous,,"2. Flew short-haul with Air France. The seats were quite comfortable, but the legroom was slightly limited.",,,,,,Neutral,Generated,synthetic,Positive
Unknown,General,Anonymous,,3. Delta Airlines provided timely service. The legroom was quite adequate but the entertainment system could use an upgrade.,,,,,,Neutral,Generated,synthetic,Positive
Unknown,General,Anonymous,,"8. ""My flight with Airline E was just fine. The plane was clean and the crew was attentive.""",,,,,,Neutral,Generated,synthetic,Positive
Unknown,General,Anonymous,,"11. ""The pilot on my Airline H flight made regular updates, which was appreciated.""",,,,,,Neutral,Generated,synthetic,Positive
Unknown,General,Anonymous,,"8. I took a flight with Airline E. The flight was a bit late, but the service was acceptable.",,,,,,Neutral,Generated,synthetic,Negative
Unknown,General,Anonymous,,14. Airline K's flight was peaceful and the staff were cordial. The in-flight entertainment could use some more variety.,,,,,,Neutral,Generated,synthetic,Positive
Unknown,General,Anonymous,,"13. My flight with Airline M was fine. The boarding process was smooth, but the snacks served were quite typical.",,,,,,Neutral,Generated,synthetic,Positive
Unknown,General,Anonymous,,9. My trip with Airline F was ordinary. No significant delays and the cabin crew was attentive.,,,,,,Neutral,Generated,synthetic,Negative
Unknown,General,Anonymous,,"9. Allegiant Air provided a typical low-cost airline experience. The plane was a bit cramped, but the flight was on time.",,,,,,Neutral,Generated,synthetic,Negative
Unknown,General,Anonymous,,"3. On my flight with Airline C, the in-flight entertainment had a good variety of movies. The seats were fairly comfortable.",,,,,,Neutral,Generated,synthetic,Positive
Unknown,General,Anonymous,,"7. ""Air France's flight was generally comfortable, but the food was quite plain. The staff were professional.""",,,,,,Neutral,Generated,synthetic,Positive
Unknown,General,Anonymous,,"12. The flight with Airline I was fine. The food was typical airline fare, and the cabin crew was professional.",,,,,,Neutral,Generated,synthetic,Positive
Unknown,General,Anonymous,,"10. The flight with Qantas was average, the staff was polite, and the in-flight entertainment kept me occupied during the flight.",,,,,,Neutral,Generated,synthetic,Negative
Unknown,General,Anonymous,,"13. ""Airline J's in-flight Wi-Fi was a bit slow, but functional for basic browsing.""",,,,,,Neutral,Generated,synthetic,Negative
Unknown,General,Anonymous,,"18. The flight with Aeroflot was okay. The boarding process was smooth, but the in-flight entertainment could use an upgrade.",,,,,,Neutral,Generated,synthetic,Positive
Unknown,General,Anonymous,,"5. American Airlines: The service was efficient, but the legroom was a bit limited.",,,,,,Neutral,Generated,synthetic,Positive
Unknown,General,Anonymous,,"15. The Turkish Airlines flight was acceptable. The flight departed and landed on time, but the food was average.",,,,,,Neutral,Generated,synthetic,Negative
Unknown,General,Anonymous,,"12. ""Cathay Pacific's seats are satisfactorily comfortable, but their in-flight entertainment is somewhat outdated.""",,,,,,Neutral,Generated,synthetic,Negative
Unknown,General,Anonymous,,"5. On my Air Canada flight, the plane departed and arrived as scheduled. The legroom in economy class was average.",,,,,,Neutral,Generated,synthetic,Negative
Unknown,General,Anonymous,,4. My flight with Qatar Airways was fine. The cabin crew was polite and the food was decent.,,,,,,Neutral,Generated,synthetic,Positive
Unknown,General,Anonymous,,"16. ""KLM's flight staff are usually friendly, but the quality of their in-flight meals is unexceptional.""",,,,,,Neutral,Generated,synthetic,Positive
Unknown,General,Anonymous,,"9. Qatar Airways provided an average service. The flight landed on schedule, but the cabin temperature was a bit uncomfortable.",,,,,,Neutral,Generated,synthetic,Negative
Unknown,General,Anonymous,,"7. ""The flight with Airline G was comfortable. The check-in process was fairly quick and efficient.""",,,,,,Neutral,Generated,synthetic,Positive
Unknown,General,Anonymous,,"11. The boarding process with Airline H was orderly, but the departure gate was far from the main terminal.",,,,,,Neutral,Generated,synthetic,Positive
Unknown,General,Anonymous,,14. Airline K offered an okay in-flight meal. The staff was professional and the flight arrived on time.,,,,,,Neutral,Generated,synthetic,Positive
Unknown,General,Anonymous,,13. The staff on Airline J were friendly and professional. The legroom was a bit limited for a long-haul flight.,,,,,,Neutral,Generated,synthetic,Positive
Unknown,General,Anonymous,,"4. ""American Airlines provided a reasonable service. The legroom was somewhat cramped but the food served was quite tasty.""",,,,,,Neutral,Generated,synthetic,Positive
Unknown,General,Anonymous,,"6. ""Air France provided a comfortable flight experience. The legroom was sufficient, and the flight departed on schedule.""",,,,,,Neutral,Generated,synthetic,Positive
Unknown,General,Anonymous,,"5. ""The Lufthansa flight was fairly comfortable with adequate legroom. The food could have been better, but the service was efficient.""",,,,,,Neutral,Generated,synthetic,Positive
Unknown,General,Anonymous,,"20. ""Airline Q's cabin was a bit cold, but blankets were available on request.""",,,,,,Neutral,Generated,synthetic,Negative
Unknown,General,Anonymous,,"12. ""Airline I's online check-in process was straightforward and convenient.""",,,,,,Neutral,Generated,synthetic,Positive
Unknown,General,Anonymous,,"19. ""Cathay Pacific provides a good service. The seats could have been more comfortable, but the in-flight entertainment was good.""",,,,,,Neutral,Generated,synthetic,Positive
Unknown,General,Anonymous,,"15. I flew with JetBlue recently. The service was average, the flight was on time, but the food was quite ordinary.",,,,,,Neutral,Generated,synthetic,Negative
Unknown,General,Anonymous,,"19. I flew with KLM. The staff was friendly, but the flight was slightly delayed. The seating was quite compact, however.",,,,,,Neutral,Generated,synthetic,Positive
Unknown,General,Anonymous,,"8. ""Qatar Airways offered a good selection of movies for in-flight entertainment. The food was average.""",,,,,,Neutral,Generated,synthetic,Positive
Unknown,General,Anonymous,,"5. ""The legroom on Airline B's economy class was just adequate. The cabin crew was professional and polite.""",,,,,,Neutral,Generated,synthetic,Positive
Unknown,General,Anonymous,,"18. Airline O's flight was okay. The cabin was clean, but the legroom was a bit tight.",,,,,,Neutral,Generated,synthetic,Positive
Unknown,General,Anonymous,,"8. The flight with Airline E was good, the seats were a bit cramped, but the service was efficient.",,,,,,Neutral,Generated,synthetic,Positive
Unknown,General,Anonymous,,"19. ""My experience with Airline S was satisfactory. The flight was punctual, but the food quality was average.""",,,,,,Neutral,Generated,synthetic,Negative
Unknown,General,Anonymous,,"9. ""Airline F delivered an ordinary flying experience. There was a good selection of movies and the flight was punctual.""",,,,,,Neutral,Generated,synthetic,Negative
Unknown,General,Anonymous,,"19. The flight with Ryanair was average, the boarding process was well-organized but the seats were not very comfortable.",,,,,,Neutral,Generated,synthetic,Negative
Unknown,General,Anonymous,,"6. ""On my flight with Airline C, the cabin was comfortable enough. The food could have been better.""",,,,,,Neutral,Generated,synthetic,Positive
Unknown,General,Anonymous,,"2. ""United Airlines' in-flight entertainment was adequate, with a good selection of movies. The food, however, was just average.""",,,,,,Neutral,Generated,synthetic,Positive
Unknown,General,Anonymous,,"14. The flight with Cathay Pacific was average, the staff was polite but the in-flight entertainment was a bit outdated.",,,,,,Neutral,Generated,synthetic,Negative
Unknown,General,Anonymous,,"6. ""Airline C's flight landed on time and baggage claim was efficient. The cabin temperature was a bit too cold.""",,,,,,Neutral,Generated,synthetic,Negative
Unknown,General,Anonymous,,14. Airline K's flight was on schedule and the cabin crew was friendly. The baggage claim process was a bit slow but manageable.,,,,,,Neutral,Generated,synthetic,Positive
Unknown,General,Anonymous,,"14. The KLM flight was okay. The staff was efficient, but the inflight entertainment was a bit outdated.",,,,,,Neutral,Generated,synthetic,Positive
Unknown,General,Anonymous,,4. The seats on Delta Airlines were reasonably comfortable for a long-haul flight. The cabin crew were professional and attentive.,,,,,,Neutral,Generated,synthetic,Positive
Unknown,General,Anonymous,,"6. ""Southwest Airlines offered a basic, no-frills flight experience. The seats were reasonably comfortable for the price.""",,,,,,Neutral,Generated,synthetic,Positive
Unknown,General,Anonymous,,"10. ""Airline G's flight attendants were courteous. The in-flight entertainment options could use some updating.""",,,,,,Neutral,Generated,synthetic,Positive
Unknown,General,Anonymous,,"13. Singapore Airlines: The plane was clean and the service was efficient, but the in-flight entertainment could use more variety.",,,,,,Neutral,Generated,synthetic,Positive
Unknown,General,Anonymous,,"15. ""The cabin crew on Airline L's flight was polite and professional. The food, however, could use some improvement.""",,,,,,Neutral,Generated,synthetic,Positive
Unknown,General,Anonymous,,"11. Cathay Pacific's flight was ordinary. The flight was on time and the cabin crew was professional, but the meal choices were limited.",,,,,,Neutral,Generated,synthetic,Negative
Unknown,General,Anonymous,,"6. ""Airline C's boarding process was organized, although the queue moved a bit slowly.""",,,,,,Neutral,Generated,synthetic,Negative
Unknown,General,Anonymous,,"10. The flight with Airline G was comfortable, but the Wi-Fi connectivity was unstable. The staff was courteous.",,,,,,Neutral,Generated,synthetic,Positive
Unknown,General,Anonymous,,"14. ""Air Canada provided an average service. The flight was on time and the check-in process was hassle-free.""",,,,,,Neutral,Generated,synthetic,Negative
Unknown,General,Anonymous,,"6. ""Flew with Ryanair and the experience was just as expected. No extras, but the ticket price is affordable.""",,,,,,Neutral,Generated,synthetic,Negative
Unknown,General,Anonymous,,"15. The flight with Airline L was okay. The legroom was sufficient, but the cabin temperature was slightly too cold.",,,,,,Neutral,Generated,synthetic,Positive
Unknown,General,Anonymous,,"17. The Alaska Airlines flight was alright. The flight was punctual and the check-in process was efficient, but the food options were mediocre.",,,,,,Neutral,Generated,synthetic,Negative
Unknown,General,Anonymous,,"3. The Delta Air Lines flight was okay for the price. The seats were somewhat cramped, however, the flight arrived on time.",,,,,,Neutral,Generated,synthetic,Positive
Unknown,General,Anonymous,,8. The Southwest Airlines flight was fine. The boarding process was smooth and the seats were fairly comfortable.,,,,,,Neutral,Generated,synthetic,Positive
Unknown,General,Anonymous,,17. The boarding process at Airline N was organized and the flight was on time. The meal served on board was average.,,,,,,Neutral,Generated,synthetic,Negative
Unknown,General,Anonymous,,"18. ""The Virgin Atlantic flight was fine. The seats were comfortable, and the in-flight entertainment was average.""",,,,,,Neutral,Generated,synthetic,Positive
Unknown,General,Anonymous,,19. The JetBlue flight was fine. The in-flight service was efficient and the plane was clean.,,,,,,Neutral,Generated,synthetic,Positive
Unknown,General,Anonymous,,"5. The flight attendants on Airline B were professional, but the food could have been better.",,,,,,Neutral,Generated,synthetic,Positive
Unknown,General,Anonymous,,17. Qatar Airways: The boarding process was orderly and the flight landed on time. The seat comfort was average.,,,,,,Neutral,Generated,synthetic,Negative
Unknown,General,Anonymous,,"3. ""Delta Airlines' staff were professional and courteous. The legroom was a bit tight but manageable for a short flight.""",,,,,,Neutral,Generated,synthetic,Positive
Unknown,General,Anonymous,,4. Lufthansa's flight was overall up to the mark. The seats were comfortable but the food could use some improvement.,,,,,,Neutral,Generated,synthetic,Positive
Unknown,General,Anonymous,,"7. ""The flight with Airline D was uneventful. The crew was professional, but the seat reclining function was not working.""",,,,,,Neutral,Generated,synthetic,Positive
Unknown,General,Anonymous,,"3. My flight with Southwest was on time and the boarding process was handled in an organized manner. The legroom, however, was a bit tight.",,,,,,Neutral,Generated,synthetic,Negative
Unknown,General,Anonymous,,11. Had a usual flight experience with Airline H. The flight was punctual and the check-in process was smooth.,,,,,,Neutral,Generated,synthetic,Negative
Unknown,General,Anonymous,,"8. ""The flight with Airline H was on schedule. The seats were comfortable, but the cabin temperature was a bit too cold.""",,,,,,Neutral,Generated,synthetic,Negative
Unknown,General,Anonymous,,"6. ""The journey with Airline C was usual. The cabin was reasonably clean, the legroom was fair.""",,,,,,Neutral,Generated,synthetic,Negative
Unknown,General,Anonymous,,"7. ""Singapore Airlines has a clean cabin environment, although the cabin crew could be more responsive.""",,,,,,Neutral,Generated,synthetic,Positive
Unknown,General,Anonymous,,14. The flight with Virgin Atlantic to London was okay. The legroom was adequate and the food was standard.,,,,,,Neutral,Generated,synthetic,Positive
Unknown,General,Anonymous,,4. Airline A's website is user-friendly and booking a flight was easy. The seats were a bit uncomfortable for a long flight but the service was acceptable.,,,,,,Neutral,Generated,synthetic,Positive
Unknown,General,Anonymous,,"9. ""The flight with Airline F was quite pleasant. The food was mediocre but the drinks selection was diverse.""",,,,,,Neutral,Generated,synthetic,Positive
Unknown,General,Anonymous,,"4. ""Airline A's in-flight meal was average, but their on-time departure and arrival were impressive.""",,,,,,Neutral,Generated,synthetic,Positive
Unknown,General,Anonymous,,10. Airline G had a good range of in-flight movies. The food could use some improvement though.,,,,,,Neutral,Generated,synthetic,Positive
Unknown,General,Anonymous,,"11. Flight was delayed with Airline H, but they kept passengers informed. The food and drink service was prompt.",,,,,,Neutral,Generated,synthetic,Negative
Unknown,General,Anonymous,,9. Airline F provided an acceptable service. The Wi-Fi was a bit slow but the flight itself was on time.,,,,,,Neutral,Generated,synthetic,Negative
Unknown,General,Anonymous,,"18. ""Airline O's baggage claim process was quick and efficient, reducing waiting time.""",,,,,,Neutral,Generated,synthetic,Positive
Unknown,General,Anonymous,,"1. The flight with American Airlines was uneventful, the staff was courteous and the seats were comfortable enough for a short flight.",,,,,,Neutral,Generated,synthetic,Positive
Unknown,General,Anonymous,,"19. ""The Iberia flight was fine. The food was average and the seats were comfortable enough for the journey.""",,,,,,Neutral,Generated,synthetic,Positive
Unknown,General,Anonymous,,"9. ""Airline F's flight was just fine. The seats were moderately comfortable and the meal was average.""",,,,,,Neutral,Generated,synthetic,Positive
Unknown,General,Anonymous,,"10. ""I had a normal experience with Airline G. The cabin was a bit crowded but the service was professional.""",,,,,,Neutral,Generated,synthetic,Positive
Unknown,General,Anonymous,,"8. ""Delta Airlines offers reliable baggage handling, but their flight delays can be quite frequent.""",,,,,,Neutral,Generated,synthetic,Positive
Unknown,General,Anonymous,,16. The flight with Ryanair was on time and the boarding process was streamlined. The seating was a bit tight but manageable.,,,,,,Neutral,Generated,synthetic,Negative
Unknown,General,Anonymous,,"2. The legroom on Airline B's economy seats was adequate, but not spacious. The cabin crew was professional.",,,,,,Neutral,Generated,synthetic,Positive
Unknown,General,Anonymous,,"20. The flight with Virgin Atlantic was okay. The cabin crew was friendly, but the seats were a bit cramped and the in-flight entertainment selection could be improved.",,,,,,Neutral,Generated,synthetic,Positive
Unknown,General,Anonymous,,13. I used Airline J for a domestic flight. The legroom was a bit tight but the flight left and arrived on schedule.,,,,,,Neutral,Generated,synthetic,Negative
Unknown,General,Anonymous,,"4. The flight with Airline A was okay. There was enough legroom, but the in-flight entertainment was limited.",,,,,,Neutral,Generated,synthetic,Positive
Unknown,General,Anonymous,,"6. I traveled with Southwest Airlines. The flight was on time and the crew was helpful, but the food was quite mediocre.",,,,,,Neutral,Generated,synthetic,Negative
Unknown,General,Anonymous,,6. Emirates provided a fairly comfortable journey. The food was alright and the cabin crew was attentive.,,,,,,Neutral,Generated,synthetic,Positive
Unknown,General,Anonymous,,10. Airline G's seating was comfortable with ample legroom but the in-flight Wi-Fi was spotty.,,,,,,Neutral,Generated,synthetic,Positive
Unknown,General,Anonymous,,"12. I flew with Alaska Airlines. The flight was on time, the seating was average, and the meals were acceptable.",,,,,,Neutral,Generated,synthetic,Negative
Unknown,General,Anonymous,,"13. ""My KLM flight was satisfactory. The cabin crew was professional, although the plane seemed a bit outdated.""",,,,,,Neutral,Generated,synthetic,Negative
Unknown,General,Anonymous,,"4. ""The flight attendants on Airline A were courteous. The plane was clean, but the entertainment system needed updating.""",,,,,,Neutral,Generated,synthetic,Positive
Unknown,General,Anonymous,,18. Airline O's flight attendants were polite. The airplane was a bit older but maintained well.,,,,,,Neutral,Generated,synthetic,Positive
Unknown,General,Anonymous,,"7. ""The Air France flight was average with usual service and facilities. The flight attendants were polite and the flight was punctual.""",,,,,,Neutral,Generated,synthetic,Negative
Unknown,General,Anonymous,,"15. ""The flight with Cathay Pacific from Hong Kong to Vancouver was on time. The in-flight entertainment was okay. The cabin was a bit chilly.""",,,,,,Neutral,Generated,synthetic,Positive
Unknown,General,Anonymous,,"8. I took a trip with Lufthansa. The check-in procedure was efficient, the flight was punctual, and the service was ordinary.",,,,,,Neutral,Generated,synthetic,Negative
Unknown,General,Anonymous,,"15. ""The flight with Airline L was on schedule. The cabin crew was friendly, but the legroom was a bit tight.""",,,,,,Neutral,Generated,synthetic,Positive
Unknown,General,Anonymous,,5. Airline B's flight was punctual and the boarding process was well organized. The in-flight meal was not exceptional but was satisfactory.,,,,,,Neutral,Generated,synthetic,Negative
Unknown,General,Anonymous,,"9. My flight with Emirates was fine. The plane was tidy, the staff was professional, and the in-flight entertainment was suitable.",,,,,,Neutral,Generated,synthetic,Positive
Unknown,General,Anonymous,,"3. Emirates offered a good selection of in-flight entertainment. The food was typical airplane fare, nothing exceptional.",,,,,,Neutral,Generated,synthetic,Positive
Unknown,General,Anonymous,,"16. My trip with Air New Zealand was fair. The cabin crew was professional and the flight was punctual, but the food could have been more flavorful.",,,,,,Neutral,Generated,synthetic,Positive
Unknown,General,Anonymous,,"20. Ryanair: The flight was on schedule and the staff was professional, but the seat comfort could be improved.",,,,,,Neutral,Generated,synthetic,Positive
Unknown,General,Anonymous,,"11. The service on Qantas was satisfactory. The flight took off and landed on time, but the in-flight meal was rather bland.",,,,,,Neutral,Generated,synthetic,Negative
Unknown,General,Anonymous,,"20. ""The service on Airline Q's flight was average. The food and beverage service was on par with other airlines.""",,,,,,Neutral,Generated,synthetic,Negative
Unknown,General,Anonymous,,"4. Southwest Airlines: The free checked bag policy is a nice perk, but the flight was a bit delayed.",,,,,,Neutral,Generated,synthetic,Positive
Unknown,General,Anonymous,,"8. My flight with Airline E was generally satisfactory. The seats were a bit uncomfortable, but the staff was polite.",,,,,,Neutral,Generated,synthetic,Negative
Unknown,General,Anonymous,,"9. ""Airline I's flight was acceptable. The cabin crew was polite but the in-flight services were nothing out of the ordinary.""",,,,,,Neutral,Generated,synthetic,Negative
Unknown,General,Anonymous,,8. My flight with Airline E was fine. The crew was attentive and the seats were as expected.,,,,,,Neutral,Generated,synthetic,Positive
Unknown,General,Anonymous,,"13. Airline J provided a satisfactory in-flight experience, with timely departure and an average meal.",,,,,,Neutral,Generated,synthetic,Negative
Unknown,General,Anonymous,,12. The flight with Qantas was as expected. The cabin crew was professional and the in-flight entertainment was good.,,,,,,Neutral,Generated,synthetic,Positive
Unknown,General,Anonymous,,"7. Ryanair is a budget-friendly option. The service was adequate considering the price, but the seats were not very comfortable.",,,,,,Neutral,Generated,synthetic,Positive
Unknown,General,Anonymous,,"10. ""Air France's flight was on time, which is always a good start. The in-flight service was unremarkable but efficient.""",,,,,,Neutral,Generated,synthetic,Positive
Unknown,General,Anonymous,,"11. The service on Emirates was as expected. The flight was punctual and the food was decent, but the in-flight entertainment was mediocre.",,,,,,Neutral,Generated,synthetic,Negative
Unknown,General,Anonymous,,"7. ""JetBlue's in-flight service was functional and the flight departed on schedule. The in-flight meals could use some improvement.""",,,,,,Neutral,Generated,synthetic,Negative
Unknown,General,Anonymous,,"20. The flight with Frontier Airlines was average. The seats were a bit hard, but the overall experience was satisfactory.",,,,,,Neutral,Generated,synthetic,Negative
Unknown,General,Anonymous,,6. I flew with Turkish Airlines. The cabin crew was courteous and the flight was smooth. The food was average.,,,,,,Neutral,Generated,synthetic,Positive
Unknown,General,Anonymous,,"14. ""My flight with Airline K was okay. The cabin was clean, but the temperature was a bit too cold.""",,,,,,Neutral,Generated,synthetic,Positive
Unknown,General,Anonymous,,19. Aer Lingus had a timely departure and arrival. The seats were average in terms of comfort.,,,,,,Neutral,Generated,synthetic,Negative
Unknown,General,Anonymous,,"7. The Delta Airlines flight was fine, with on-time departure and arrival. The seat comfort was average.",,,,,,Neutral,Generated,synthetic,Positive
Unknown,General,Anonymous,,"16. Air India: The flight was on schedule and the check-in process was smooth, but the food was just okay.",,,,,,Neutral,Generated,synthetic,Positive
Unknown,General,Anonymous,,"6. The service on Lufthansa was as expected from a major airline. The staff was efficient, but the legroom was a bit tight.",,,,,,Neutral,Generated,synthetic,Negative
Unknown,General,Anonymous,,"7. The flight attendants on Airline D were professional, albeit a bit distant.",,,,,,Neutral,Generated,synthetic,Negative
Unknown,General,Anonymous,,"18. Virgin Atlantic's flight was smooth, the staff was courteous but the in-flight entertainment could be improved.",,,,,,Neutral,Generated,synthetic,Positive
Unknown,General,Anonymous,,"14. Airline K provided a prompt baggage service, however, the quality of their in-flight meal was quite average.",,,,,,Neutral,Generated,synthetic,Negative
Unknown,General,Anonymous,,"16. Airline M's pricing was reasonable, though the additional charges for extra baggage were high.",,,,,,Neutral,Generated,synthetic,Positive
Unknown,General,Anonymous,,"5. Delta Air Lines provided a good service, their in-flight Wi-Fi was a nice touch but it was a bit slow at times.",,,,,,Neutral,Generated,synthetic,Positive
Unknown,General,Anonymous,,"13. My trip with Qantas was fine. The aircraft was neat, the staff was courteous, and the in-flight entertainment was adequate.",,,,,,Neutral,Generated,synthetic,Positive
Unknown,General,Anonymous,,2. Airline Y offered a comfortable flight but could use some updates on their in-flight entertainment system.,,,,,,Neutral,Generated,synthetic,Positive
Unknown,General,Anonymous,,"17. ""The flight crew of Airline Q was courteous. The flight departed on time, but the legroom was limited.""",,,,,,Neutral,Generated,synthetic,Positive
Unknown,General,Anonymous,,10. The staff on Airline G was courteous. The airplane itself was a bit outdated but the flight went smoothly.,,,,,,Neutral,Generated,synthetic,Positive
Unknown,General,Anonymous,,"8. ""The flight with Southwest Airlines was okay. The check-in process was smooth and the flight departed on time.""",,,,,,Neutral,Generated,synthetic,Positive
Unknown,General,Anonymous,,"12. ""Airline I's flight was on schedule with no major issues. The seats were a bit stiff and uncomfortable.""",,,,,,Neutral,Generated,synthetic,Negative
Unknown,General,Anonymous,,"2. ""Qantas was reliable with on-time departures and arrivals. The in-flight entertainment could be updated, though.""",,,,,,Neutral,Generated,synthetic,Negative
Unknown,General,Anonymous,,6. The legroom in Airline C's economy class is average but the meal options are quite diverse.,,,,,,Neutral,Generated,synthetic,Negative
Unknown,General,Anonymous,,"11. Cathay Pacific: The flight was on time and the staff was polite, but the food was just average.",,,,,,Neutral,Generated,synthetic,Negative
Unknown,General,Anonymous,,"19. My flight with Airline S was generally good. The boarding process was efficient, but the in-flight entertainment options were limited.",,,,,,Neutral,Generated,synthetic,Positive
Unknown,General,Anonymous,,"5. Lufthansa's service was efficient. The boarding was timely, but the in-flight entertainment options were somewhat limited.",,,,,,Neutral,Generated,synthetic,Negative
Unknown,General,Anonymous,,"13. Turkish Airlines provided an okay service, the flight was smooth but the food could have been better.",,,,,,Neutral,Generated,synthetic,Positive
Unknown,General,Anonymous,,13. Flew with United Airlines from Chicago to Los Angeles. The seats were average and the flight was on time.,,,,,,Neutral,Generated,synthetic,Negative
Unknown,General,Anonymous,,"20. EasyJet's service was okay, the flight was on time but the legroom was a bit cramped.",,,,,,Neutral,Generated,synthetic,Positive
Unknown,General,Anonymous,,"16. ""Airline M's staff were polite and the flight was comfortable. However, the in-flight meal could have been better.""",,,,,,Neutral,Generated,synthetic,Positive
Unknown,General,Anonymous,,4. My experience with Airline A was okay. The leg room was a bit tight but the service was prompt.,,,,,,Neutral,Generated,synthetic,Positive
Unknown,General,Anonymous,,"19. I traveled with Aer Lingus. The flight was on time, the crew was helpful, but the food was quite mediocre.",,,,,,Neutral,Generated,synthetic,Negative
Unknown,General,Anonymous,,"5. ""My flight with United was on time and the flight attendants were polite. The legroom was a bit tight, but typical for economy class.""",,,,,,Neutral,Generated,synthetic,Negative
Unknown,General,Anonymous,,"4. ""I flew with Airline A. The seats were quite comfortable but the cabin was a bit chilly.""",,,,,,Neutral,Generated,synthetic,Negative
Unknown,General,Anonymous,,"15. The seats on Airline L were comfortable, but the cabin temperature was a bit too cold.",,,,,,Neutral,Generated,synthetic,Negative
Unknown,General,Anonymous,,7. My flight with Qatar Airways was fine. The aircraft was clean but the food was just average.,,,,,,Neutral,Generated,synthetic,Positive
Unknown,General,Anonymous,,"9. ""Airline F had a well-maintained aircraft and the flight was on schedule. The meal options could have been better.""",,,,,,Neutral,Generated,synthetic,Positive
Unknown,General,Anonymous,,"3. My flight with Southwest was routine. Comfortable seats, and the crew was professional.",,,,,,Neutral,Generated,synthetic,Positive
Unknown,General,Anonymous,,"6. Flew with Airline C recently. The seats were a bit cramped, but the crew was courteous.",,,,,,Neutral,Generated,synthetic,Positive
Unknown,General,Anonymous,,"14. ""My experience with Airline K was ordinary. The flight was a bit noisy but the staff was friendly.""",,,,,,Neutral,Generated,synthetic,Negative
Unknown,General,Anonymous,,"13. ""The Turkish Airlines flight was uneventful. The seats were comfortable and the service was routine.""",,,,,,Neutral,Generated,synthetic,Positive
Unknown,General,Anonymous,,"9. ""The staff on Airline F were polite, though not particularly warm. The seats were comfortable enough for the long flight.""",,,,,,Neutral,Generated,synthetic,Negative
Unknown,General,Anonymous,,"15. ""Airline L delivered an ordinary flight experience. The crew was efficient, however, the in-flight Wi-Fi was not working.""",,,,,,Neutral,Generated,synthetic,Negative
Unknown,General,Anonymous,,"12. Emirates served a routine flight. The onboard entertainment was good, but the boarding process was somewhat slow.",,,,,,Neutral,Generated,synthetic,Positive
Unknown,General,Anonymous,,"19. ""Alaska Airlines' flights are mostly on time, but the seating in economy class is just satisfactory.""",,,,,,Neutral,Generated,synthetic,Positive
Unknown,General,Anonymous,,"12. The flight with Turkish Airlines was alright. The in-flight entertainment could use more variety, but the staff was friendly.",,,,,,Neutral,Generated,synthetic,Positive
Unknown,General,Anonymous,,19. Airline P's baggage handling was efficient. The in-flight entertainment system had a good variety of options.,,,,,,Neutral,Generated,synthetic,Positive
Unknown,General,Anonymous,,"16. ""The flight attendants on Airline M were professional. The meal options were limited, but the beverages were good.""",,,,,,Neutral,Generated,synthetic,Positive
Unknown,General,Anonymous,,"2. On my flight with Airline Y, the departure was slightly delayed. The in-flight entertainment was decent, and the seat comfort was satisfactory.",,,,,,Neutral,Generated,synthetic,Negative
Unknown,General,Anonymous,,2. Flew with British Airways from London to New York. The legroom was reasonable and the cabin crew was professional.,,,,,,Neutral,Generated,synthetic,Positive
Unknown,General,Anonymous,,2. The flight with Airline Y was unremarkable. The staff were polite and did their job efficiently.,,,,,,Neutral,Generated,synthetic,Positive
Unknown,General,Anonymous,,"2. British Airways: The flight attendants were professional, but the in-flight entertainment could be upgraded.",,,,,,Neutral,Generated,synthetic,Positive
Unknown,General,Anonymous,,"3. I flew with Airline Z from LA to NY. The ticket price was reasonable, but the legroom was a bit tight.",,,,,,Neutral,Generated,synthetic,Positive
Unknown,General,Anonymous,,"12. My flight with Virgin Atlantic was generally good. The seats were comfortable, but the in-flight entertainment could use an upgrade.",,,,,,Neutral,Generated,synthetic,Positive
Unknown,General,Anonymous,,"10. Air France's flight was fine. The staff was polite and the legroom was adequate, but the food was just okay.",,,,,,Neutral,Generated,synthetic,Positive
Unknown,General,Anonymous,,6. Airline C's flight attendants were professional. The flight departed and arrived as scheduled.,,,,,,Neutral,Generated,synthetic,Positive
Unknown,General,Anonymous,,8. My experience with Spirit Airlines was fairly basic. The seats were a bit cramped but the flight was cost-effective.,,,,,,Neutral,Generated,synthetic,Negative
Unknown,General,Anonymous,,15. The boarding process with Airline L was efficient. The flight itself was comfortable enough for a short journey.,,,,,,Neutral,Generated,synthetic,Positive
Unknown,General,Anonymous,,20. My journey with Aer Lingus was okay. The check-in process was efficient and the flight was punctual. The in-flight entertainment could have been better.,,,,,,Neutral,Generated,synthetic,Positive
Unknown,General,Anonymous,,"3. ""The in-flight entertainment on Airline Z was decent. The food could have been better, but it was not terrible.""",,,,,,Neutral,Generated,synthetic,Negative
Unknown,General,Anonymous,,"19. The Singapore Airlines flight was okay. The food could be improved, but the staff was polite.",,,,,,Neutral,Generated,synthetic,Positive
Unknown,General,Anonymous,,13. The Turkish Airlines flight was usual with no surprises. The food was fine and the service was acceptable.,,,,,,Neutral,Generated,synthetic,Negative
Unknown,General,Anonymous,,"20. Airline Q provided a satisfactory flight experience with punctual departure and arrival, but the seats could have been more comfortable.",,,,,,Neutral,Generated,synthetic,Positive
Unknown,General,Anonymous,,"14. Turkish Airlines: The flight was quite comfortable and the staff was courteous. However, the meal options could be improved.",,,,,,Neutral,Generated,synthetic,Positive
Unknown,General,Anonymous,,"2. ""Flight with Airline Y was on schedule. The staff was professional, however the in-flight entertainment selection could be better.""",,,,,,Neutral,Generated,synthetic,Positive
Unknown,General,Anonymous,,12. Airline I's business class lounge was decent with a good range of snacks and beverages. The WiFi on the flight was average.,,,,,,Neutral,Generated,synthetic,Positive
Unknown,General,Anonymous,,"20. Airline Q's flight was okay. The in-flight entertainment options were limited, but the flight departed and arrived on time.",,,,,,Neutral,Generated,synthetic,Positive
Unknown,General,Anonymous,,"15. My flight with Airline L was okay. The seats were not the most comfortable, but the flight was punctual.",,,,,,Neutral,Generated,synthetic,Positive
